{"RuleTriggered": 4, "Violations": 4, "Details": {"algo-1": {"cpu": {"p25": 32.4103125, "p50": 35.124375, "p75": 46.12125, "p95": 60.99106249999999, "upper": 66.68765625, "lower": 14.0525}, "gpu0": {"p25": 0.0, "p50": 0.0, "p75": 0.0, "p95": 7.0, "upper": 0.0, "lower": 0.0}, "gpu0_memory": {"p25": 0.0, "p50": 0.0, "p75": 0.0, "p95": 4.0, "upper": 0.0, "lower": 0.0}}, "last_timestamp": 1651146360000000}, "Datapoints": 1424, "RuleParameters": "cpu_threshold_p95:70\ngpu_threshold_p95:70\ngpu_memory_threshold_p95:70\npatience:1000\nwindow:500"}