{"RuleTriggered": 0, "Violations": 0, "Details": {"pin_memory": false, "num_workers": 0, "cores": 16, "dataloaders": 1, "dataloading_time": {"p25": 0.17005925, "p50": 0.210156, "p95": 0.31270814999999996, "probs": [1, 0, 0, 0, 0, 0, 0, 0, 0, 1, 0, 0, 0, 0, 1, 0, 0, 0, 0, 0, 0, 0, 0, 0, 0, 0, 0, 0, 0, 0, 0, 0, 0, 0, 0, 0, 0, 1, 0, 0, 1, 0, 0, 0, 1, 0, 0, 0, 0, 0, 0, 0, 0, 0, 0, 0, 0, 0, 0, 0, 0, 0, 0, 0, 0, 0, 0, 0, 0, 1, 0, 0, 0, 0, 0, 0, 0, 0, 0, 0, 0, 0, 0, 0, 0, 0, 0, 0, 1, 0, 0, 0, 0, 0, 0, 0, 1, 0, 0, 1], "binedges": [0.132774, 0.13459896, 0.13642392, 0.13824888, 0.14007384, 0.1418988, 0.14372376, 0.14554872, 0.14737368, 0.14919864, 0.1510236, 0.15284856, 0.15467352, 0.15649848, 0.15832344, 0.1601484, 0.16197336, 0.16379832, 0.16562327999999998, 0.16744824, 0.1692732, 0.17109816, 0.17292311999999999, 0.17474808, 0.17657304000000001, 0.178398, 0.18022296, 0.18204792, 0.18387288, 0.18569784, 0.1875228, 0.18934776, 0.19117272, 0.19299768, 0.19482264, 0.19664759999999998, 0.19847256, 0.20029752, 0.20212248, 0.20394743999999998, 0.2057724, 0.20759736, 0.20942232, 0.21124727999999998, 0.21307224, 0.2148972, 0.21672216, 0.21854711999999998, 0.22037208, 0.22219704, 0.224022, 0.22584695999999999, 0.22767192, 0.22949688000000001, 0.23132184, 0.2331468, 0.23497175999999997, 0.23679672, 0.23862168, 0.24044664, 0.24227159999999998, 0.24409656, 0.24592152, 0.24774648, 0.24957143999999998, 0.25139639999999996, 0.25322136, 0.25504632, 0.25687128, 0.25869624, 0.2605212, 0.26234616, 0.26417112, 0.26599607999999997, 0.26782103999999995, 0.269646, 0.27147096, 0.27329592, 0.27512088, 0.27694584, 0.2787708, 0.28059575999999997, 0.28242071999999996, 0.28424568, 0.28607064, 0.28789560000000003, 0.28972056, 0.29154552, 0.29337048, 0.29519544, 0.29702039999999996, 0.29884535999999995, 0.30067032, 0.30249528, 0.30432024, 0.3061452, 0.30797016, 0.30979512, 0.31162007999999997, 0.31344503999999995, 0.31527]}}, "Datapoints": 10, "RuleParameters": "min_threshold:70\nmax_threshold:200"}