{"RuleTriggered": 0, "Violations": 0, "Details": {"pin_memory": false, "num_workers": 0, "cores": 8, "dataloaders": 1, "dataloading_time": {"p25": 0.4703735, "p50": 0.588222, "p95": 1.0740698499999999, "probs": [1, 0, 0, 0, 2, 0, 0, 1, 0, 0, 0, 0, 0, 0, 0, 0, 0, 1, 0, 0, 0, 0, 0, 0, 0, 1, 0, 0, 0, 0, 0, 1, 0, 0, 0, 0, 0, 0, 0, 0, 0, 0, 0, 0, 0, 1, 0, 0, 0, 0, 0, 0, 0, 0, 0, 0, 0, 0, 0, 0, 0, 0, 0, 0, 0, 0, 0, 0, 0, 0, 0, 0, 0, 0, 0, 0, 1, 0, 0, 0, 0, 0, 0, 0, 0, 0, 0, 0, 0, 0, 0, 0, 0, 0, 0, 0, 0, 0, 0, 1], "binedges": [0.43296, 0.44012362, 0.44728724000000003, 0.45445086, 0.46161448, 0.4687781, 0.47594172, 0.48310534, 0.49026896, 0.49743258, 0.5045961999999999, 0.51175982, 0.51892344, 0.52608706, 0.53325068, 0.5404143, 0.5475779199999999, 0.55474154, 0.56190516, 0.56906878, 0.5762324, 0.58339602, 0.5905596399999999, 0.59772326, 0.60488688, 0.6120505, 0.61921412, 0.62637774, 0.6335413599999999, 0.64070498, 0.6478686, 0.6550322199999999, 0.66219584, 0.66935946, 0.6765230799999999, 0.6836867, 0.69085032, 0.69801394, 0.70517756, 0.7123411799999999, 0.7195047999999999, 0.72666842, 0.73383204, 0.74099566, 0.74815928, 0.7553228999999999, 0.76248652, 0.76965014, 0.77681376, 0.78397738, 0.791141, 0.7983046199999999, 0.80546824, 0.81263186, 0.81979548, 0.8269591, 0.83412272, 0.8412863399999999, 0.84844996, 0.85561358, 0.8627772, 0.86994082, 0.8771044399999999, 0.8842680599999999, 0.89143168, 0.8985953, 0.90575892, 0.91292254, 0.9200861599999999, 0.9272497799999999, 0.9344134, 0.94157702, 0.9487406399999999, 0.95590426, 0.96306788, 0.9702314999999999, 0.97739512, 0.98455874, 0.9917223599999999, 0.99888598, 1.0060495999999999, 1.01321322, 1.02037684, 1.02754046, 1.03470408, 1.0418677, 1.0490313199999999, 1.05619494, 1.06335856, 1.0705221799999998, 1.0776857999999998, 1.0848494199999998, 1.0920130399999999, 1.09917666, 1.10634028, 1.1135039, 1.12066752, 1.12783114, 1.1349947599999999, 1.14215838, 1.149322]}}, "Datapoints": 10, "RuleParameters": "min_threshold:70\nmax_threshold:200"}