{"RuleTriggered": 0, "Violations": 185, "Details": {"low_gpu_utilization": 1425, "bottlenecks": {"1651146384.914019": {"GPUs": 1, "CPUs": 1}, "1651146395.914148": {"GPUs": 1, "CPUs": 1}, "1651146396.413995": {"GPUs": 1, "CPUs": 2}, "1651146397.414009": {"GPUs": 1, "CPUs": 1}, "1651146397.914041": {"GPUs": 1, "CPUs": 1}, "1651146398.414053": {"GPUs": 1, "CPUs": 2}, "1651146398.914042": {"GPUs": 1, "CPUs": 1}, "1651146400.414038": {"GPUs": 1, "CPUs": 2}, "1651146400.914001": {"GPUs": 1, "CPUs": 1}, "1651146401.414037": {"GPUs": 1, "CPUs": 1}, "1651146401.91404": {"GPUs": 1, "CPUs": 1}, "1651146402.414052": {"GPUs": 1, "CPUs": 1}, "1651146402.914043": {"GPUs": 1, "CPUs": 2}, "1651146404.414063": {"GPUs": 1, "CPUs": 1}, "1651146404.914433": {"GPUs": 1, "CPUs": 1}, "1651146405.414024": {"GPUs": 1, "CPUs": 2}, "1651146406.414004": {"GPUs": 1, "CPUs": 1}, "1651146406.914008": {"GPUs": 1, "CPUs": 1}, "1651146410.913986": {"GPUs": 1, "CPUs": 1}, "1651146411.414044": {"GPUs": 1, "CPUs": 1}, "1651146411.914053": {"GPUs": 1, "CPUs": 1}, "1651146413.414008": {"GPUs": 1, "CPUs": 1}, "1651146414.414012": {"GPUs": 1, "CPUs": 1}, "1651146415.914031": {"GPUs": 1, "CPUs": 2}, "1651146416.414034": {"GPUs": 1, "CPUs": 1}, "1651146447.414061": {"GPUs": 1, "CPUs": 1}, "1651146448.414012": {"GPUs": 1, "CPUs": 1}, "1651146448.91402": {"GPUs": 1, "CPUs": 1}, "1651146449.41398": {"GPUs": 1, "CPUs": 1}, "1651146486.414048": {"GPUs": 1, "CPUs": 1}, "1651146486.914": {"GPUs": 1, "CPUs": 1}, "1651146487.414055": {"GPUs": 1, "CPUs": 1}, "1651146487.914008": {"GPUs": 1, "CPUs": 1}, "1651146488.414052": {"GPUs": 1, "CPUs": 2}, "1651146488.913993": {"GPUs": 1, "CPUs": 4}, "1651146489.414042": {"GPUs": 1, "CPUs": 3}, "1651146489.914049": {"GPUs": 1, "CPUs": 3}, "1651146490.414018": {"GPUs": 1, "CPUs": 3}, "1651146490.914035": {"GPUs": 1, "CPUs": 3}, "1651146491.413994": {"GPUs": 1, "CPUs": 3}, "1651146491.914052": {"GPUs": 1, "CPUs": 3}, "1651146500.914051": {"GPUs": 1, "CPUs": 2}, "1651146501.413997": {"GPUs": 1, "CPUs": 2}, "1651146504.914107": {"GPUs": 1, "CPUs": 1}, "1651146505.414088": {"GPUs": 1, "CPUs": 2}, "1651146505.913992": {"GPUs": 1, "CPUs": 2}, "1651146506.414031": {"GPUs": 1, "CPUs": 2}, "1651146506.914033": {"GPUs": 1, "CPUs": 2}, "1651146507.414018": {"GPUs": 1, "CPUs": 2}, "1651146507.914037": {"GPUs": 1, "CPUs": 1}, "1651146509.914016": {"GPUs": 1, "CPUs": 1}, "1651146510.413978": {"GPUs": 1, "CPUs": 3}, "1651146510.914055": {"GPUs": 1, "CPUs": 3}, "1651146511.414008": {"GPUs": 1, "CPUs": 2}, "1651146511.91405": {"GPUs": 1, "CPUs": 3}, "1651146512.41404": {"GPUs": 1, "CPUs": 2}, "1651146512.914038": {"GPUs": 1, "CPUs": 3}, "1651146513.414021": {"GPUs": 1, "CPUs": 3}, "1651146513.914019": {"GPUs": 1, "CPUs": 3}, "1651146514.414029": {"GPUs": 1, "CPUs": 2}, "1651146514.914019": {"GPUs": 1, "CPUs": 1}, "1651146515.414007": {"GPUs": 1, "CPUs": 1}, "1651146515.914011": {"GPUs": 1, "CPUs": 1}, "1651146516.414038": {"GPUs": 1, "CPUs": 1}, "1651146516.914039": {"GPUs": 1, "CPUs": 1}, "1651146517.414026": {"GPUs": 1, "CPUs": 1}, "1651146517.914019": {"GPUs": 1, "CPUs": 1}, "1651146518.414013": {"GPUs": 1, "CPUs": 1}, "1651146518.914004": {"GPUs": 1, "CPUs": 1}, "1651146519.414009": {"GPUs": 1, "CPUs": 1}, "1651146519.914027": {"GPUs": 1, "CPUs": 1}, "1651146520.414013": {"GPUs": 1, "CPUs": 1}, "1651146520.914005": {"GPUs": 1, "CPUs": 1}, "1651146521.414": {"GPUs": 1, "CPUs": 1}, "1651146521.914024": {"GPUs": 1, "CPUs": 1}, "1651146522.414012": {"GPUs": 1, "CPUs": 1}, "1651146522.914036": {"GPUs": 1, "CPUs": 1}, "1651146523.413986": {"GPUs": 1, "CPUs": 1}, "1651146523.914004": {"GPUs": 1, "CPUs": 1}, "1651146524.41404": {"GPUs": 1, "CPUs": 1}, "1651146524.914067": {"GPUs": 1, "CPUs": 1}, "1651146525.414034": {"GPUs": 1, "CPUs": 1}, "1651146525.914053": {"GPUs": 1, "CPUs": 1}, "1651146526.414018": {"GPUs": 1, "CPUs": 1}, "1651146526.914017": {"GPUs": 1, "CPUs": 1}, "1651146527.414017": {"GPUs": 1, "CPUs": 1}, "1651146527.914048": {"GPUs": 1, "CPUs": 1}, "1651146528.414023": {"GPUs": 1, "CPUs": 1}, "1651146528.914004": {"GPUs": 1, "CPUs": 1}, "1651146529.414007": {"GPUs": 1, "CPUs": 1}, "1651146529.914072": {"GPUs": 1, "CPUs": 1}, "1651146536.914072": {"GPUs": 1, "CPUs": 2}, "1651146537.41405": {"GPUs": 1, "CPUs": 2}, "1651146537.913999": {"GPUs": 1, "CPUs": 2}, "1651146538.41401": {"GPUs": 1, "CPUs": 2}, "1651146538.914024": {"GPUs": 1, "CPUs": 3}, "1651146539.414028": {"GPUs": 1, "CPUs": 2}, "1651146558.914054": {"GPUs": 1, "CPUs": 2}, "1651146559.414014": {"GPUs": 1, "CPUs": 2}, "1651146559.913987": {"GPUs": 1, "CPUs": 2}, "1651146560.414043": {"GPUs": 1, "CPUs": 3}, "1651146560.91401": {"GPUs": 1, "CPUs": 3}, "1651146561.414071": {"GPUs": 1, "CPUs": 3}, "1651146561.914051": {"GPUs": 1, "CPUs": 3}, "1651146562.414018": {"GPUs": 1, "CPUs": 3}, "1651146562.914016": {"GPUs": 1, "CPUs": 3}, "1651146563.414028": {"GPUs": 1, "CPUs": 3}, "1651146563.914005": {"GPUs": 1, "CPUs": 2}, "1651146564.41402": {"GPUs": 1, "CPUs": 2}, "1651146564.914112": {"GPUs": 1, "CPUs": 2}, "1651146565.414017": {"GPUs": 1, "CPUs": 2}, "1651146576.913988": {"GPUs": 1, "CPUs": 2}, "1651146577.414035": {"GPUs": 1, "CPUs": 3}, "1651146577.913978": {"GPUs": 1, "CPUs": 3}, "1651146578.41404": {"GPUs": 1, "CPUs": 2}, "1651146578.914037": {"GPUs": 1, "CPUs": 2}, "1651146579.414028": {"GPUs": 1, "CPUs": 1}, "1651146579.914011": {"GPUs": 1, "CPUs": 1}, "1651146580.414046": {"GPUs": 1, "CPUs": 2}, "1651146580.914026": {"GPUs": 1, "CPUs": 2}, "1651146581.414011": {"GPUs": 1, "CPUs": 3}, "1651146581.913987": {"GPUs": 1, "CPUs": 2}, "1651146582.414025": {"GPUs": 1, "CPUs": 2}, "1651146582.914031": {"GPUs": 1, "CPUs": 2}, "1651146587.414019": {"GPUs": 1, "CPUs": 1}, "1651146600.914024": {"GPUs": 1, "CPUs": 1}, "1651146601.414065": {"GPUs": 1, "CPUs": 1}, "1651146609.914056": {"GPUs": 1, "CPUs": 1}, "1651146610.41405": {"GPUs": 1, "CPUs": 1}, "1651146610.914028": {"GPUs": 1, "CPUs": 2}, "1651146611.414072": {"GPUs": 1, "CPUs": 2}, "1651146611.914011": {"GPUs": 1, "CPUs": 2}, "1651146612.414028": {"GPUs": 1, "CPUs": 1}, "1651146612.914004": {"GPUs": 1, "CPUs": 1}, "1651146613.414031": {"GPUs": 1, "CPUs": 2}, "1651146613.91403": {"GPUs": 1, "CPUs": 1}, "1651146614.413983": {"GPUs": 1, "CPUs": 2}, "1651146614.914078": {"GPUs": 1, "CPUs": 1}, "1651146615.414028": {"GPUs": 1, "CPUs": 2}, "1651146615.914021": {"GPUs": 1, "CPUs": 1}, "1651146616.413998": {"GPUs": 1, "CPUs": 1}, "1651146616.914013": {"GPUs": 1, "CPUs": 1}, "1651146617.414005": {"GPUs": 1, "CPUs": 1}, "1651146617.914014": {"GPUs": 1, "CPUs": 1}, "1651146618.414099": {"GPUs": 1, "CPUs": 1}, "1651146618.91403": {"GPUs": 1, "CPUs": 1}, "1651146619.414042": {"GPUs": 1, "CPUs": 1}, "1651146619.914045": {"GPUs": 1, "CPUs": 1}, "1651146620.41399": {"GPUs": 1, "CPUs": 1}, "1651146620.914035": {"GPUs": 1, "CPUs": 1}, "1651146621.413984": {"GPUs": 1, "CPUs": 1}, "1651146630.914046": {"GPUs": 1, "CPUs": 1}, "1651146631.414011": {"GPUs": 1, "CPUs": 2}, "1651146631.914016": {"GPUs": 1, "CPUs": 3}, "1651146632.414022": {"GPUs": 1, "CPUs": 3}, "1651146632.914028": {"GPUs": 1, "CPUs": 3}, "1651146633.414011": {"GPUs": 1, "CPUs": 2}, "1651146633.914107": {"GPUs": 1, "CPUs": 2}, "1651146634.414037": {"GPUs": 1, "CPUs": 1}, "1651146638.914005": {"GPUs": 1, "CPUs": 2}, "1651146639.414026": {"GPUs": 1, "CPUs": 2}, "1651146644.41405": {"GPUs": 1, "CPUs": 1}, "1651146655.414045": {"GPUs": 1, "CPUs": 1}, "1651146656.414013": {"GPUs": 1, "CPUs": 1}, "1651146656.914018": {"GPUs": 1, "CPUs": 1}, "1651146658.914016": {"GPUs": 1, "CPUs": 1}, "1651146659.414047": {"GPUs": 1, "CPUs": 1}, "1651146663.414069": {"GPUs": 1, "CPUs": 1}, "1651146664.914051": {"GPUs": 1, "CPUs": 1}, "1651146670.414013": {"GPUs": 1, "CPUs": 1}, "1651146670.914065": {"GPUs": 1, "CPUs": 1}, "1651146671.413996": {"GPUs": 1, "CPUs": 1}, "1651146671.914046": {"GPUs": 1, "CPUs": 1}, "1651146672.414017": {"GPUs": 1, "CPUs": 1}, "1651146672.914012": {"GPUs": 1, "CPUs": 1}, "1651146673.414031": {"GPUs": 1, "CPUs": 1},