{"RuleTriggered": 0, "Violations": 0, "Details": {"step_num": {"first": 1651146668752478, "last": 1651147078303220}, "job_start": 1651146367.914271, "job_end": 1651147079.914288}, "Datapoints": 920, "RuleParameters": "threshold:20"}