{"RuleTriggered": 0, "Violations": 0, "Details": {"step_num": {"first": 1651639765484512, "last": 1651641899537981}, "job_start": 1651639661.615338, "job_end": 1651641899.615606}, "Datapoints": 2572, "RuleParameters": "threshold:20"}