{"RuleTriggered": 0, "Violations": 0, "Details": {"ratio": {"gpu_functions-dev:0": 50.11831247736862, "cpu_functions": 49.88168752263139}, "phase": {"Step:ModeKeys.TRAIN": 16.684997707474125, "others": 82.65748538575937, "Step:ModeKeys.EVAL": 0.657516906766503}, "phase_time": {}, "CPU": {"aten::conv2d": 19.42673613328197, "aten::convolution": 19.41779833427363, "aten::_convolution": 19.41109001405019, "aten::cudnn_convolution": 19.399353560513656, "aten::linear": 2.771416113474654, "aten::addmm": 2.767834531613972, "enumerate(DataLoader)#_SingleProcessDataLoaderIter.__next__": 16.805771312791922}, "CPU_total": {"aten::conv2d": 7816079, "aten::convolution": 7812483, "aten::_convolution": 7809784, "aten::cudnn_convolution": 7805062, "aten::linear": 1115041, "aten::addmm": 1113600, "enumerate(DataLoader)#_SingleProcessDataLoaderIter.__next__": 6761570}, "GPU": {"aten::conv2d": 19.453060950621964, "aten::convolution": 19.446858005639715, "aten::_convolution": 19.441604415329916, "aten::cudnn_convolution": 19.431816667548034, "aten::linear": 2.7566935746909365, "aten::addmm": 2.753165634280545, "enumerate(DataLoader)#_SingleProcessDataLoaderIter.__next__": 16.7168007518889}, "GPU_total": {"aten::conv2d": 7868477, "aten::convolution": 7865968, "aten::_convolution": 7863843, "aten::cudnn_convolution": 7859884, "aten::linear": 1115042, "aten::addmm": 1113615, "enumerate(DataLoader)#_SingleProcessDataLoaderIter.__next__": 6761700}, "general": {"DataLoaderIterInitialize": 0.008708158134530724, "DataLoaderIter": 14.435629672730466, "Forward": 85.555662169135}}, "Datapoints": 0, "RuleParameters": ""}