{"RuleTriggered": 0, "Violations": 0, "Details": {"ratio": {"cpu_functions": 100.0}, "phase": {"Step:ModeKeys.TRAIN": 87.13403300052993, "others": 12.24956699579612, "Step:ModeKeys.EVAL": 0.6164000036739592}, "phase_time": {}, "CPU": {"aten::conv2d": 17.086875204636367, "aten::convolution": 17.07596946491275, "aten::_convolution": 17.065473715404305, "aten::mkldnn_convolution": 17.038238065410333, "aten::batch_norm": 7.439883339744213, "aten::_batch_norm_impl_index": 7.423409932898542, "aten::native_batch_norm": 7.405940249829998, "enumerate(DataLoader)#_SingleProcessDataLoaderIter.__next__": 9.464210027163492}, "CPU_total": {"aten::conv2d": 4167630, "aten::convolution": 4164970, "aten::_convolution": 4162410, "aten::mkldnn_convolution": 4155767, "aten::batch_norm": 1814649, "aten::_batch_norm_impl_index": 1810631, "aten::native_batch_norm": 1806370, "enumerate(DataLoader)#_SingleProcessDataLoaderIter.__next__": 2308399}, "general": {"DataLoaderIterInitialize": 0.0002822997362758386, "DataLoaderIter": 0.13474915248376718, "Forward": 99.86496854777995}}, "Datapoints": 0, "RuleParameters": ""}