{"RuleTriggered": 0, "Violations": 0, "Details": {"step_details": {"algo-1-26": {"step_stats": {"mean": 0.04485370693779905, "max": 10.002097, "p99": 1.3240019499999995, "p95": 0.020413, "p50": 0.0159455, "min": 0.013221}, "number_of_outliers": 10, "phase": "Step:ModeKeys.TRAIN", "stddev": 0.37, "probs": [820, 4, 0, 0, 0, 0, 0, 0, 0, 0, 0, 0, 0, 0, 0, 0, 0, 0, 0, 0, 0, 0, 0, 0, 0, 0, 0, 0, 0, 0, 0, 0, 0, 0, 0, 0, 0, 0, 0, 0, 0, 0, 0, 0, 0, 0, 0, 0, 0, 0, 0, 0, 0, 0, 0, 0, 0, 0, 0, 0, 0, 0, 0, 0, 0, 0, 0, 0, 0, 0, 0, 0, 0, 0, 0, 0, 0, 0, 0, 0, 0, 0, 0, 0, 0, 0, 0, 0, 0, 0, 0, 1, 0, 0, 0, 0, 0, 0, 0, 1], "binedges": [0.013221, 0.02096242, 0.02870384, 0.03644526, 0.04418668, 0.051928100000000005, 0.059669520000000004, 0.06741094, 0.07515236, 0.08289378, 0.0906352, 0.09837662, 0.10611804, 0.11385946, 0.12160088, 0.1293423, 0.13708372, 0.14482514000000002, 0.15256656000000002, 0.16030798000000002, 0.16804940000000002, 0.17579082000000001, 0.18353224, 0.19127366, 0.19901508, 0.2067565, 0.21449792, 0.22223934, 0.22998076, 0.23772218, 0.2454636, 0.25320502, 0.26094644, 0.26868786, 0.27642928, 0.2841707, 0.29191212, 0.29965354, 0.30739496, 0.31513638, 0.3228778, 0.33061922, 0.33836064, 0.34610206, 0.35384348, 0.3615849, 0.36932632, 0.37706774, 0.38480916, 0.39255058, 0.400292, 0.40803342, 0.41577484, 0.42351626, 0.43125768, 0.4389991, 0.44674052, 0.45448194, 0.46222335999999997, 0.46996477999999997, 0.47770619999999997, 0.48544761999999997, 0.49318903999999997, 0.50093046, 0.50867188, 0.5164133000000001, 0.5241547200000001, 0.5318961400000001, 0.5396375600000001, 0.5473789800000001, 0.5551204000000001, 0.5628618200000001, 0.5706032400000001, 0.5783446600000001, 0.5860860800000001, 0.5938275000000001, 0.6015689200000001, 0.6093103400000001, 0.6170517600000001, 0.6247931800000001, 0.6325346000000001, 0.6402760200000001, 0.6480174400000001, 0.65575886, 0.66350028, 0.6712417, 0.67898312, 0.68672454, 0.69446596, 0.70220738, 0.7099488, 0.71769022, 0.72543164, 0.73317306, 0.74091448, 0.7486559, 0.75639732, 0.76413874, 0.77188016, 0.77962158, 0.787363], "step_numbers": ["0", "1", "2", "3", "4", "5", "6", "7", "8", "9"]}}}, "Datapoints": 920, "RuleParameters": "threshold:3\nmode:None\nn_outliers:10\nstddev:3"}