{"RuleTriggered": 27, "Violations": 329, "Details": {"step_details": {"algo-1-26": {"step_stats": {"mean": 0.6511606593059936, "max": 6.100433, "p99": 0.6586483000000001, "p95": 0.64672375, "p50": 0.6293325000000001, "min": 0.281829}, "number_of_outliers": 17, "phase": "Step:ModeKeys.TRAIN", "stddev": 0.33, "probs": [2, 2, 2, 0, 0, 0, 0, 0, 0, 0, 0, 0, 0, 0, 0, 0, 0, 0, 0, 0, 0, 0, 0, 0, 0, 0, 0, 0, 0, 0, 0, 0, 0, 0, 0, 0, 0, 0, 0, 0, 0, 0, 0, 0, 0, 0, 0, 0, 0, 0, 1, 5, 7, 15, 13, 9, 2, 0, 2, 0, 1, 0, 1, 3, 2, 1, 0, 1, 1, 2, 0, 0, 1, 4, 1, 0, 0, 1, 0, 2, 1, 1, 21, 174, 500, 535, 342, 206, 270, 250, 87, 27, 12, 7, 3, 0, 0, 1, 0, 1], "binedges": [0.281829, 0.2858746, 0.2899202, 0.2939658, 0.2980114, 0.302057, 0.3061026, 0.3101482, 0.31419379999999997, 0.3182394, 0.322285, 0.3263306, 0.3303762, 0.3344218, 0.3384674, 0.342513, 0.3465586, 0.3506042, 0.3546498, 0.3586954, 0.362741, 0.36678659999999996, 0.3708322, 0.3748778, 0.3789234, 0.382969, 0.3870146, 0.39106019999999997, 0.3951058, 0.3991514, 0.403197, 0.4072426, 0.4112882, 0.4153338, 0.41937939999999996, 0.423425, 0.4274706, 0.4315162, 0.4355618, 0.4396074, 0.44365299999999996, 0.4476986, 0.4517442, 0.4557898, 0.4598354, 0.463881, 0.46792659999999997, 0.47197219999999995, 0.4760178, 0.48006340000000003, 0.484109, 0.4881546, 0.4922002, 0.49624579999999996, 0.5002914, 0.504337, 0.5083826, 0.5124282, 0.5164738, 0.5205194, 0.524565, 0.5286105999999999, 0.5326561999999999, 0.5367018, 0.5407474, 0.544793, 0.5488386000000001, 0.5528842, 0.5569298, 0.5609754, 0.565021, 0.5690666, 0.5731122, 0.5771577999999999, 0.5812033999999999, 0.5852489999999999, 0.5892946, 0.5933402, 0.5973858, 0.6014314000000001, 0.605477, 0.6095226, 0.6135682, 0.6176138, 0.6216594, 0.625705, 0.6297505999999999, 0.6337961999999999, 0.6378418, 0.6418874, 0.645933, 0.6499786, 0.6540242, 0.6580698, 0.6621154, 0.666161, 0.6702066, 0.6742522, 0.6782978, 0.6823433999999999, 0.686389], "step_numbers": ["0", "1", "2", "3", "4", "5", "6", "6", "7", "8", "9", "10", "500", "1000", "1500", "2000", "2500"]}}, "ratio": {}, "phase": {"Step:ModeKeys.EVAL": 72.84176495283934, "Step:ModeKeys.TRAIN": 27.158235047160662}, "phase_time": {}, "general": {"Forward": 100.0}}, "Datapoints": 2572, "RuleParameters": "threshold:3\nmode:None\nn_outliers:10\nstddev:3"}